{"6,0,down": 51.56427187982921, "6,0,up": 57.13562816144365, "6,0,left": 51.56427187982921, "6,0,right": 51.56427187982921, "5,0,up": 53.13562816144365, "5,0,down": 55.56427187982921, "5,0,left": 53.13562816144365, "5,0,right": 58.72285672873096, "5,1,up": 54.72285672873096, "5,1,down": 54.72285672873096, "5,1,left": 57.13562816144365, "5,1,right": 60.32611790780905, "5,2,up": 61.94557364425157, "5,2,down": 56.32611790780905, "5,2,left": 58.72285672873096, "5,2,right": 56.32611790780905, "4,2,up": 60.32611790780905, "4,2,down": 60.32611790780905, "4,2,left": 60.32611790780905, "4,2,right": 63.581387519446025, "4,1,up": 56.32611790780905, "4,1,down": 56.32611790780905, "4,1,left": 58.72285672873096, "4,1,right": 61.94557364425157, "4,0,up": 57.1356273734632, "4,0,down": 54.72285669192697, "4,0,left": 54.7228567063317, "4,0,right": 60.32611790780905, "3,0,up": 55.5613257454456, "3,0,down": 58.72285669257984, "3,0,left": 53.13384434719897, "3,0,right": 53.11777833689361, "4,3,up": 61.94557364425157, "4,3,down": 65.2337247671172, "4,3,left": 61.94557364425157, "4,3,right": 61.94557364425157, "3,3,up": 60.32611790780905, "3,3,down": 63.581387519446025, "3,3,left": 60.32611790780905, "3,3,right": 57.94557364425157, "3,2,up": 58.72285672873096, "3,2,down": 61.94557364425157, "3,2,left": 56.32611790780905, "3,2,right": 61.94557364425157, "2,2,up": 57.13562816144365, "2,2,down": 60.32611790780905, "2,2,left": 54.72285672873096, "2,2,right": 60.32611790780905, "2,3,up": 56.32611790780905, "2,3,down": 61.94557364425157, "2,3,left": 58.72285672873096, "2,3,right": 56.32611790780905, "5,3,up": 63.581387519446025, "5,3,down": 66.90275229001739, "5,3,left": 61.23372476711721, "5,3,right": 63.581387519446025, "6,3,up": 65.2337247671172, "6,3,down": 65.2337247671172, "6,3,left": 62.9027522900174, "6,3,right": 68.58863867678525, "7,3,up": 66.90275229001739, "7,3,down": 61.23372476711721, "7,3,left": 63.581387519446025, "7,3,right": 61.23372476711721, "7,2,up": 61.94557364425157, "7,2,down": 59.581387519446025, "7,2,left": 59.58138751944602, "7,2,right": 65.2337247671172, "2,0,up": 52.615969613049096, "2,0,down": 57.135249522757874, "2,0,left": 51.43942234977027, "2,0,right": 51.50696001886227, "1,0,up": 43.33521528745168, "1,0,down": 55.30094885812486, "1,0,left": 48.42617394382162, "1,0,right": 26.856566991025954, "0,0,up": 11.672321055684927, "0,0,down": 51.29865865696918, "0,0,left": 28.38954689427371, "0,0,right": -6.389339665456488, "0,1,up": -20.923191963305115, "0,1,down": -18.51514666435554, "0,1,left": 14.866790542968948, "0,1,right": -20.754243003204195, "1,1,up": -16.97853165737984, "1,1,down": -19.40324391989597, "1,1,left": -22.44421061368839, "1,1,right": -22.22717054510987, "2,1,up": -18.19960648898563, "2,1,down": -20.794686254759327, "2,1,left": -24.143313647127442, "2,1,right": -23.396894380563637, "3,1,up": -19.795975717477493, "3,1,down": -24.469746817680374, "3,1,left": -24.75518616463755, "3,1,right": -24.645994172470722, "4,4,up": 57.94557364425157, "4,4,down": 63.581387519446025, "4,4,left": 63.581387519446025, "4,4,right": 60.32611790780905, "5,4,up": 61.94557364425157, "5,4,down": 59.581387519446025, "5,4,left": 65.2337247671172, "5,4,right": 61.94557364425157, "4,5,up": 56.32611790780905, "4,5,down": 61.94557364425157, "4,5,left": 61.94557364425157, "4,5,right": 56.32611790780905, "6,4,up": 64.58863867678525, "6,4,down": 70.29155421897502, "6,4,left": 66.90275229001739, "6,4,right": 64.58863867678525, "7,4,up": 68.58863867678525, "7,4,down": 66.29155421897502, "7,4,left": 66.29155421897502, "7,4,right": 72.01167092825762, "7,5,up": 73.74916255379557, "7,5,down": 68.01167092825762, "7,5,left": 70.29155421897502, "7,5,right": 73.74916255379557, "6,5,up": 69.74916255379557, "6,5,down": 72.01167092825762, "6,5,left": 69.74916255379557, "6,5,right": 75.50420459979352, "7,6,up": 75.50420459979352, "7,6,down": 69.74916255379557, "7,6,left": 72.01167092825762, "7,6,right": 69.74916255379557, "6,6,up": 77.27697434322579, "6,6,down": 73.74916255379557, "6,6,left": 73.74916255379557, "6,6,right": 71.50420459979352, "5,6,up": 79.06765085174322, "5,6,down": 75.50420459979352, "5,6,left": 73.27697434322579, "5,6,right": 73.27697434322579, "4,6,up": 80.87641500176085, "4,6,down": 77.27697434322579, "4,6,left": 75.06765085174322, "4,6,right": 75.06765085174322, "3,6,up": 82.70344949672813, "3,6,down": 79.06765085174322, "3,6,left": 76.87641500176085, "3,6,right": 76.87641500176085, "2,6,up": 78.70344949672813, "2,6,down": 80.87641500176085, "2,6,left": 84.54893888558396, "2,6,right": 78.70344949672813, "2,5,up": 80.54893888558396, "2,5,down": 86.41306958139796, "2,5,left": 80.54893888558396, "2,5,right": 82.70344949672813, "3,5,up": 84.54893888558396, "3,5,down": 82.41306958139796, "3,5,left": 88.29602988019997, "3,5,right": 82.41306958139796, "3,4,up": 90.19800997999997, "3,4,down": 84.29602988019997, "3,4,left": 84.29602988019997, "3,4,right": 86.41306958139796, "2,4,up": 92.11920199999997, "2,4,down": 88.29602988019997, "2,4,left": 86.19800997999997, "2,4,right": 86.19800997999997, "1,4,up": 94.05979999999997, "1,4,down": 90.19800997999997, "1,4,left": 88.11920199999997, "1,4,right": 90.19800997999997, "1,5,up": 86.19800997999997, "1,5,down": 86.19800997999997, "1,5,left": 92.11920199999997, "1,5,right": 86.19800997999997, "0,4,up": 90.05979999999997, "0,4,down": 92.11920199999997, "0,4,left": 90.05979999999997, "0,4,right": 96.01999999999998, "0,5,up": 92.01999999999998, "0,5,down": 92.01999999999998, "0,5,left": 94.05979999999997, "0,5,right": 98.0, "1,2,up": 53.135628151125005, "1,2,down": 58.72285672873096, "1,2,left": 53.13562777536029, "1,2,right": 55.56427179641037, "1,3,up": 53.968626135323746, "1,3,down": 51.564034690768324, "1,3,left": 57.135628156161786, "1,3,right": 51.558049968380146, "0,3,up": 49.85742617302526, "0,3,down": 55.55984913750984, "0,3,left": 52.21036234711968, "0,3,right": 49.475369426556995, "0,2,up": 40.970751099435915, "0,2,down": 42.87753265361076, "0,2,left": 47.45476621604857, "0,2,right": 53.91142361686847, "5,5,up": 60.32611790780905, "5,5,down": 57.94557364425157, "5,5,left": 63.581387519446025, "5,5,right": 57.94557364425157, "6,2,up": 57.945573643955555, "6,2,down": 63.581387519446025, "6,2,left": 60.32611499682063, "6,2,right": 57.94557272155937, "6,1,up": 56.32604074929023, "6,1,down": 58.718843262266546, "6,1,left": 56.326107392484225, "6,1,right": 61.94557353634822, "7,1,up": 60.325810744024395, "7,1,down": 54.66034649305146, "7,1,left": 55.69408272508569, "7,1,right": 54.5854298663802, "7,0,up": 51.753768145966404, "7,0,down": 40.77583218664472, "7,0,left": 49.169162903517545, "7,0,right": 58.53866339972535, "0,6,up": 94.0, "0,6,down": 100.0, "0,6,left": 96.01999999999998, "0,6,right": 94.0}